Name,2025-08-02,2025-08-03,2025-08-09,2025-08-10,2025-08-16,2025-08-17,2025-08-23,2025-08-24,2025-08-30,2025-08-31
Christian van der Merwe,Yes,Yes,Yes,No,No,No,Yes,Yes,Yes,Yes
JP Marais,No,Yes,Yes,No,Yes,No,No,Yes,Yes,Yes
Kevin Emslie,Yes,No,Yes,Yes,No,Yes,No,Yes,No,Yes
Christo Pretorius,Yes,Yes,Yes,Yes,Yes,No,Yes,Yes,Yes,Yes
Laenita de Jonge,Yes,Yes,No,No,Yes,Yes,Yes,No,Yes,Yes
Ruan de Jonge,Yes,Yes,No,Yes,Yes,No,Yes,Yes,Yes,Yes
Jeandre Jacobs,Yes,Yes,No,Yes,Yes,No,Yes,Yes,Yes,Yes
Marianka Jacobs,No,Yes,No,No,Yes,Yes,Yes,Yes,No,Yes
Jacque Visagie,Yes,Yes,Yes,Yes,Yes,Yes,Yes,Yes,No,Yes
Danielle Visagie,Yes,Yes,No,Yes,Yes,Yes,Yes,Yes,Yes,Yes
Brian Mvukwe,Yes,No,Yes,Yes,Yes,Yes,Yes,Yes,Yes,Yes
Tiaan du Preez,No,No,Yes,No,Yes,No,Yes,Yes,Yes,Yes
Jarryd Sevenoaks,No,No,Yes,Yes,No,No,No,Yes,Yes,No
Jestus Fouche,Yes,Yes,Yes,Yes,Yes,Yes,Yes,Yes,No,Yes
Christo Schoeman,Yes,Yes,Yes,Yes,Yes,Yes,Yes,Yes,No,Yes
Herman Smith,Yes,Yes,Yes,Yes,No,Yes,Yes,Yes,No,Yes
Dieter Marais,Yes,Yes,No,Yes,Yes,Yes,No,Yes,Yes,Yes
Rupert Bothma,Yes,Yes,Yes,Yes,Yes,Yes,Yes,No,Yes,Yes
Victoria Cope,Yes,Yes,Yes,Yes,Yes,Yes,Yes,Yes,Yes,Yes
Andre Lesch,Yes,Yes,Yes,No,Yes,No,No,Yes,No,No
Xavier Nunes,Yes,No,Yes,Yes,No,Yes,Yes,Yes,Yes,Yes
Wian Laing,Yes,Yes,No,Yes,No,Yes,Yes,No,Yes,No
Sarnia Schoeman,Yes,Yes,Yes,Yes,Yes,Yes,Yes,No,Yes,Yes
