Name,Sound_Tygerberg,Lights_Tygerberg,Resi_Tygerberg,Sound_Stellies,Lights_Stellies,Resi_Stellies,Director
Christian van der Merwe,3,0,1,3,0,1,3
JP Marais,3,0,3,3,0,3,3
Kevin Emslie,0,0,2,0,0,2,3
Christo Pretorius,0,0,2,0,0,2,3
Laenita de Jonge,0,0,3,0,0,3,3
Ruan de Jonge,3,3,2,3,3,2,0
Jeandre Jacobs,2,3,3,1,0,3,0
Marianka Jacobs,0,3,3,0,3,3,0
Jacque Visagie,2,3,3,1,1,3,0
Danielle Visagie,1,3,3,0,1,3,0
Brian Mvukwe,2,3,1,1,1,1,0
Tiaan du Preez,3,3,0,3,0,0,0
Jarryd Sevenoaks,2,3,3,1,1,3,0
Jestus Fouche,1,3,1,1,1,1,0
Christo Schoeman,2,3,1,3,0,1,0
Herman Smith,3,3,0,3,0,0,0
Dieter Marais,1,3,2,1,1,2,0
Rupert Bothma,1,3,1,1,1,1,0
Victoria Cope,1,3,1,1,2,1,0
Andre Lesch,2,3,2,1,3,2,0
Xavier Nunes,1,3,1,1,1,1,0
Wian Laing,1,3,1,1,1,1,0
Sarnia Schoeman,0,3,1,0,0,1,0
